-- phpMyAdmin SQL Dump
-- version 5.2.1
-- https://www.phpmyadmin.net/
--
-- Počítač: sql6.webzdarma.cz:3306
-- Vytvořeno: Pon 12. kvě 2025, 17:13
-- Verze serveru: 8.0.40-31
-- Verze PHP: 7.4.33

SET SQL_MODE = "NO_AUTO_VALUE_ON_ZERO";
START TRANSACTION;
SET time_zone = "+00:00";


/*!40101 SET @OLD_CHARACTER_SET_CLIENT=@@CHARACTER_SET_CLIENT */;
/*!40101 SET @OLD_CHARACTER_SET_RESULTS=@@CHARACTER_SET_RESULTS */;
/*!40101 SET @OLD_COLLATION_CONNECTION=@@COLLATION_CONNECTION */;
/*!40101 SET NAMES utf8mb4 */;

--
-- Databáze: `kubakwzcz0796`
--

--
-- Vypisuji data pro tabulku `character`
--

INSERT INTO `character` (`id`, `name`, `password`, `age`, `circles`, `description`, `money`, `role_id`) VALUES
(1, 'Origin', 'dumbass', 0, 100, 'The original god (its me lol)', 0, 1),
(2, 'Oscar', 'bruh', 24, 3, 'Vesnický pleb. Jako malý pracoval na poli a hrabal se v zemině. Ve 20 se u něj objevily znaky magie po útoku na jeho vesnice. Jeho rodina byla zavražděna bandity a většina z nich i jejich vůdce utekli dřív než se Oscar vrátil z rybaření. Od té chvíle hledá vůdce pirátů.Avšak při jeho cestě se naskytly obtíže, přátel a dokonce souboje s bohy.', 1840, 2),
(3, 'Greneha', 'bruh', 21, 4, 'Původně člověk, přítomně mutant. Své dětství bezstarostně trávila v Nikolijské republice, avšak život se jí změnil poté, co objevila jeskyň vedoucí do podzemní pevnosti, kde podstoupila mutaci. Její mysl je naplněna neznámou nenávistí a touhou najít způsob, jakým se vyléčí její kletba.', 830, 2),
(4, 'Eryn', 'bruh', 83, 4, 'Mladý elf na cestách po světě. Už od 20 let ho zaujala existence bohů a historie světa. Během jeho cesty přes Skatashian byl přepaden místním kmenem, před kterým byl zachráněn andělem lásky jménem Iroxid. Chvíli spolu cestovali za stejným cílem, přičemž Eryn nabyl spojení s bohyní Lásky. Po dobrodružné cestě s Iroxidem se rozloučili a cestovali po svých osách.', 328, 2),
(5, 'skibidi', 'toiletest', 8, 10, 'bruh skibidi toilet', 310, 2),
(6, 'Jerome', 'omegyat', 26, 2, 'Původem vesničan. Bez hladu, vyrostl s dobře vyvinutým tělem. Po nehodě v lese a následné smrti ho vzkřísil čaroděj. Díky čarodeji se naučil pár užitečných kouzel. Aby dokončil své vzkříšení, hledá mocné kameny které umí spravit duši dopořádku...', 6330, 2),
(7, 'Griuf', 'bruh', 21, 3, 'A lizard demi human on his way to discover the world', 6250, 2),
(8, 'Phera', 'uwu', 183, 6, 'yeah!', 3000, 3),
(9, 'test', 'test', 10, 4, 'charakter na testování', 200, 2);

--
-- Vypisuji data pro tabulku `character_magic`
--

INSERT INTO `character_magic` (`character_id`, `magic_name`, `complexity`, `fail_rate`, `cast_time`) VALUES
(2, 'Artus', 4, 45, 1),
(2, 'Chaos enhance', 5, 0, 0),
(2, 'Hide object', 3, 8, 1),
(2, 'Life steal', 4, 45, 2),
(3, 'Brimstone skin', 4, 12, 0),
(3, 'Curse projectile', 0, 10, 1),
(3, 'Inspect', 3, 45, 3),
(3, 'Touch of death', 5, 32, 1),
(4, 'Artus', 4, 40, 1),
(4, 'Basic healing', 1, 5, 1),
(4, 'Basic Telepathy', 2, 0, 0),
(4, 'Basic understanding', 1, 20, 0),
(4, 'Charm', 4, 60, 1),
(4, 'Endure', 3, 20, 0),
(4, 'Fact', 5, 45, 1),
(4, 'Form Golem', 6, 15, 3),
(4, 'Inspect', 3, 45, 3),
(5, 'Life steal', 7, 50, 2),
(5, 'Magic upscale', 3533, 33, 3533),
(6, 'Charm', 3, 70, 1),
(7, 'Hide object', 3, 20, 0);

--
-- Vypisuji data pro tabulku `inventory`
--

INSERT INTO `inventory` (`id`, `name`, `type_id`, `amount`, `charges`, `charges_max`, `description`, `is_deleted`, `is_favourite`, `is_equipped`, `character_id`) VALUES
(1, 'Prsten pozornosti', 7, 1, 0, 0, 'Vibruje při detekci nebezpečí vůci nositeli prstene', 0, 1, 1, 2),
(2, 'Gladiátor', 2, 1, 0, 0, 'Meč, který zvyšuje sílu nárazu o 50%', 0, 1, 1, 2),
(3, 'Prsten váhy', 7, 1, 0, 0, 'Jakýkoliv objek držený v ruce, na které prsten leží, je 5x těžší pro všechny, kromě vlastníka prstene', 0, 1, 1, 2),
(4, 'Zbroj vzdušných triků', 4, 1, 10, 10, 'Zbroj, pomocí které vlastník může dělat pohyby bez pevného povrchu o který by byla potřeba se opřít', 0, 0, 1, 2),
(5, 'Róbě morového doktora', 4, 1, 0, 0, 'Oblečení s vizáží morových doktorů ze středověké Evropy', 0, 1, 0, 2),
(6, 'Kožené rukavice', 6, 1, 0, 0, 'Kožené rukavice', 0, 0, 0, 2),
(7, 'Maska morového doktora', 5, 1, 0, 0, 'Maska s vizáží morových doktorů ze středověké Evropy. Obsahuje ornamenty pro lepší vizi ve tmě.', 0, 1, 0, 2),
(8, 'Meč transformace', 2, 1, 0, 20, 'Původně meč který využíval kameny elementů, avšak po vstřebání křišťálu existence ztratil tento název. Po každém poškození živé bytosti absorbuje kámen na hrušce esenci a po dostatečném nabití se může transformovat na jakýkoliv tvar.', 0, 1, 1, 2),
(9, 'Meč chaosu', 2, 1, 5, 5, 'Meč který napodobuje sílu bohyně chaosu. Ignoruje většinu štítů a rozbíjí magii, jakoby byla fyzický objekt.', 0, 1, 1, 2),
(10, 'Prsten posunu', 7, 1, 3, 3, 'Posune fyzický objekt 5 metrů od nositele prstenu. Má 3 použití za souboj.', 0, 1, 1, 2),
(11, 'Prsten přisunutí', 7, 1, 3, 3, 'Přisune fyzický objekt 5 metrů k nositeli prstene. Má 3 použití za souboj.', 0, 1, 1, 2),
(12, 'Prsten odpuštění', 7, 2, 0, 0, 'Když nositel tohoto prstene selže ve vyvolávání kouzla, efekty selhání neproběhnou, avšak prsten se rozbije.', 0, 1, 1, 2),
(13, 'Odznak Gisonia', 7, 1, 0, 0, 'Odznak za hrdinské činy v království Gisonie, přidělen králem Nicholasem.', 1, 0, 0, 2),
(14, 'Odznak gisonia', 7, 1, 0, 0, 'Odznak za hrdinské činy v království Gisonie, přidělen králem Nicholasem.', 1, 0, 0, 2),
(15, 'Odznak respektu Gisonia', 7, 1, 0, 0, 'Odznak za hrdinské činy v království Gisonie, přidělen králem Nicholasem.', 0, 1, 1, 2),
(16, 'nožík', 2, 1, 0, 0, 'Běžný malý nožík', 0, 0, 0, 2),
(17, 'Lektvar regenerace', 9, 3, 4, 5, 'Zrychluje regenerace. Časté používání oslabuje tělo.', 0, 1, 0, 2),
(18, 'Šperky', 1, 3, 0, 0, 'Šperky z pokladnice původního Abzhiánu.', 0, 0, 0, 2),
(19, 'Batůžek', 8, 1, 0, 0, 'Malý batoh', 0, 0, 1, 2),
(20, 'Křišťál existence', 11, 4, 0, 0, 'Křišťál držící sílu existence (původně se jmenoval křišťál transformace)', 0, 0, 0, 2),
(21, 'Křišťál chaosu', 11, 27, 0, 0, 'Křišťál držící sílu chaosu', 0, 0, 0, 2),
(22, 'Kus zdi', 1, 1, 0, 0, 'zeď ???', 0, 0, 0, 2),
(23, 'Náhrdelník záchrany', 7, 1, 3, 3, 'Náhrdelník chránící postavu před jistou smrtí.', 0, 1, 1, 2),
(24, 'Luk a šípy', 2, 1, 20, 20, 'Základní luk který používá základní šípy.', 0, 1, 1, 3),
(25, 'Prsten odpuštění', 7, 1, 0, 0, 'Když nositel tohoto prstene selže ve vyvolávání kouzla, efekty selhání neproběhnou, avšak prsten se rozbije.', 0, 1, 1, 3),
(26, 'Prsten nenávisti', 7, 1, 0, 0, 'Prsten, který umožňuje nositeli používat magii nenávisti o jeden řád víš. ( 1 hate magic)', 0, 1, 1, 3),
(27, 'Křišťál řádu', 11, 1, 0, 0, 'Křišťál držící sílu řádu', 0, 0, 0, 3),
(28, 'Smlouva Chaosu', 10, 1, 0, 0, 'Síla chaosu tebou prochází. ( 2 chaos magic)', 1, 1, 0, 2),
(29, 'Smlouva nenávisti', 10, 1, 0, 0, 'Síla nenávisti skrz tebe prochází. ( 1 hate magic)', 0, 1, 0, 3),
(30, 'Krátký meč', 2, 1, 0, 0, 'Krátký meč. Toť vše :P', 0, 0, 1, 4),
(31, 'Jednoduché náčiní', 1, 1, 0, 0, 'Náčiní obsahuje jednoduché nástroje. (nevim jaký přesně, kdyžtak se mě zeptej, jestli tam je zrovna to co potřebuješ)', 0, 0, 0, 4),
(32, 'Šipky', 2, 1, 8, 8, 'Jednoduché házecí šipky. Malá ofenzivní hodnota. (a Eryn házet zas tak neumí)', 0, 0, 1, 4),
(33, 'Jednoduchý plášť', 4, 1, 0, 0, 'Jednoduchý plášť. Přidává malou hodnotu ochrany před řezným útokem.', 0, 0, 1, 4),
(34, 'Smlouva Chaosu', 1, 1, 0, 0, 'Síla chaosu tebou prochází. ( 2 chaos magic)', 1, 0, 0, 2),
(35, 'Smlouva Chaosu', 1, 1, 0, 0, 'Síla chaosu tebou prochází. ( 2 chaos magic)', 1, 0, 0, 2),
(36, 'Kniha Life Steal', 1, 1, 0, 0, 'Life steal goes brrr', 0, 0, 0, 2),
(37, 'Kámen co mě má rád', 1, 1, 0, 0, '(spadl mi na hlavu)', 0, 0, 0, 2),
(38, 'Granát Statiky', 2, 5, 3, 3, 'Granát který po aktivaci zastaví pohyb 1 metr okolo sebe. Každý granát má 3 použití.', 0, 0, 0, 2),
(39, 'Prsten odpuštění', 7, 1, 0, 0, 'Když nositel tohoto prstene selže ve vyvolávání kouzla, efekty selhání neproběhnou, avšak prsten se rozbije.', 1, 0, 0, 4),
(40, 'Džbán piva', 9, 1, 8, 20, 'Pivo', 0, 1, 0, 2),
(41, 'Krystaly Existence', 11, 6, 0, 0, 'Krystaly nesoucí sílu Existence. Jerome tyto kameny hledá po celém světě, aby navrátil svou duši dopořádku. Proto potřebuje 9 krystalů.', 0, 0, 0, 6),
(42, 'Kladivo Řádu', 2, 1, 0, 6, 'Kladivo nesoucí sílu Řádu. Jerome objevil toto kladivo v zrezlém stavu, avšak později objevil jeho pravou sílu.', 0, 1, 1, 6),
(43, 'Jednoduchá zbroj', 4, 1, 0, 0, 'Jednoduchá plátěná zbroj. (z nějakýho důvodu má postříkaný kalhoty ??)', 0, 1, 1, 6),
(44, 'Zdobená dýka', 2, 1, 0, 0, 'Nádherná dýka s mnoha dekoracemi, avšak lehce tupá a neefektivní při souboji.', 0, 0, 0, 6),
(45, 'Lano', 1, 2, 0, 0, 'Jednoduché lano s průřezem 2cm a s délkou 4m.', 0, 0, 0, 6),
(46, 'Louč', 1, 1, 4, 4, 'Jednoduchá louč. Jeden charge vydrží 1h.', 0, 0, 0, 6),
(47, 'Leguán', 10, 1, 47, 200, 'Milovaná loď všech Leguánů. Kdo na ní stojí, tomu pepík stojí.', 0, 1, 0, 6),
(48, 'testing testing', 2, 1, 90, 90, 'aisjdfhopaiusdhcapsiodf', 1, 0, 0, 1),
(49, 'bruhis', 2, 1, 3, 3, 'apisdbcassss', 1, 0, 0, 1),
(50, '1/4 Gertúda', 9, 1, 1, 1, 'Asi zadní pravá noha idk', 0, 0, 0, 2),
(51, 'Sušený maťo a chleba', 9, 1, 10, 15, 'Mňam mňam ', 0, 0, 0, 2),
(52, 'Kniha Fariusovi zápisky o Chermetě', 1, 1, 0, 0, 'Fariusovi zápisky, přečteno', 0, 0, 0, 4),
(53, 'Kniha God complex', 1, 1, 0, 0, 'Kniha o God Complexu', 0, 0, 0, 4),
(54, 'Kniha o prvním andělovi ', 1, 1, 0, 0, 'PRVNÍ FUKNIG ANDĚL ', 0, 0, 0, 4),
(55, 'Kniha o Voidu', 1, 1, 0, 0, 'Void', 0, 0, 0, 4),
(56, 'Kniha práce s dušemi pro blbečky ', 1, 1, 0, 0, 'Jak pracovat s duší\nInstrukce ke přístroji v jeskyni lží', 0, 0, 0, 4),
(57, 'Domácí Pálenka', 9, 1, 10, 10, '70% překvapivě sladká, rodinná tradiční, lehce kyselá', 0, 0, 0, 2),
(58, 'Krystal lásky', 11, 1, 4, 4, 'Krystal lásky', 0, 0, 0, 2),
(59, 'Křišťál lásky', 11, 1, 0, 0, 'Odměna za kytky pro Arlu', 0, 0, 0, 3),
(60, 'Performance enhance lektvar', 9, 4, 5, 5, '-//-', 0, 0, 0, 2),
(61, 'Pálivec', 9, 1, 20, 20, 'Chlast ze zemí démonů', 0, 0, 0, 2),
(62, 'Likér', 9, 1, 15, 15, 'Idk', 0, 0, 0, 2),
(63, 'bruh', 2, 5, 7, 5, 'aoisdhcbaipsdfafdadfasdfawe bruh', 1, 0, 1, 5),
(64, 'Kubák', 5, 1, 78, 78, 'Twink', 1, 0, 0, 5),
(65, 'Váza s parazitem', 1, 1, 1, 1, 'Parazit kterého Oscar a Griuf našli v královské hrobce, původně patřil andělovi Phera.', 0, 0, 0, 7),
(66, 'Medvědí zbroj', 4, 1, 0, 0, 'Zbroj z kůže kamennitého medvěda (kterého uškvařila Nizen)', 0, 1, 1, 7),
(67, 'Dračí roh', 11, 1, 0, 0, 'Roh z draka. Takto samostatně působí jako extra magický kruh, ale dá se zpracovat do formy zbraně/náčiní.', 0, 0, 0, 7),
(68, 'Scroll of return', 1, 1, 1, 3, 'Vrátí uživatele a blízké bytosti na předem nastavené místo. Aktuálně nastaveno na Dračí křišťál.', 0, 0, 0, 7),
(69, 'Odznak respektu Gisonia', 7, 1, 0, 0, 'Za hrdinský čin pro aktuálního krále Nicolase byl Griuf odměněn a označen jako vážená osoba v Gisonii.', 0, 0, 0, 7),
(70, 'Kopí vzdušných triků', 2, 1, 0, 0, 'Pozlacené kopí s možností různých manévru i bez kontaktu s uživatelem, umí se vrátit k uživateli pouhou myšlenkou.', 0, 1, 1, 7),
(71, 'Elfí dýka', 2, 1, 0, 0, 'Jednoduchá dýka z tvrdé ocele. Čepel má lehce zelenou barvu.', 0, 0, 0, 7),
(72, 'Dýka hniloby', 2, 1, 9, 12, 'Dýka která při kontaktu s organickou hmotou začne hmotu rozkládat. Jed se musí doplňovat.', 0, 1, 1, 7),
(73, 'Lektvar regenerace', 9, 1, 5, 5, 'Po konzumaci vyléčí lehké až střední rány.', 0, 0, 0, 7),
(74, 'Boty hbitosti', 4, 1, 3, 3, 'Boty které manipulují vzduch okolo a tím uživateli umožňují nečekaný pohyb jako například druhý skok ve vzduchu. Efekt lze použít 3x za souboj.', 0, 1, 1, 7),
(75, 'Křišťál existence', 11, 5, 0, 0, 'Křišťál který v sobě drží sílu existence.', 0, 0, 0, 7),
(76, 'Maska světelného výbuchu', 5, 1, 2, 2, 'Při aktivaci se na vteřinu maska rozzáří oslepujícím světlem. Světlo uživatele neoslepí tolik jako bytosti před uživatelem. Efekt lze použít 2x za souboj.', 0, 0, 0, 7),
(77, 'Smoke-bomb', 2, 1, 2, 2, 'Při aktivaci vypustí plyn v okolí 5m. Efekt lze použít 2x za souboj', 0, 1, 0, 7),
(78, 'Time-distort bomb', 2, 1, 1, 1, 'Znetvoří čas pro veškerý prostor v okolí 100 metrů kromě uživatele na 5 sekund. Efekt lze použít jednou za souboj (nebo jednou za hodinu)', 0, 0, 0, 7),
(79, 'Klíč dračí kovadliny', 10, 1, 0, 0, 'Klíč, který otevírá komnaty s dračí kovadlinou. Ta se nachází někde v Drakii.', 0, 0, 0, 7),
(80, 'Tesáky Lži', 2, 1, 5, 5, 'Dva tesáky, jeden kratší, jeden delší. Umožňují uživateli vyměnit pozici tesáků mezi sebou, nebo vyměnit pozici uživatele s jedním z tesáků.', 0, 1, 1, 7),
(81, 'Lektvar kruhové amplitudy', 9, 1, 5, 5, 'Při konzumaci uživatel dostává dočasný magický kruh navíc (efekt vyprchá při použití magie, max dva kruhy navíc)', 0, 0, 0, 7),
(82, 'Kilo zlata', 11, 30, 0, 0, 'Zlato z pokladnice původního Abhziánu', 0, 0, 0, 8);

--
-- Vypisuji data pro tabulku `wiki`
--

INSERT INTO `wiki` (`id`, `name`, `content`, `tags`, `access`, `exceptions`) VALUES
(19, 'Last Time', '<h1>Nicholas Quest</h1>\n\n<h2>Cesta do dungeonu pod královstvím Gisonie</h2>\n<p>Maru zůstává v přístavu a čeká na příchod ostatních.<br>\nFifa šel pro loď.<br>\nIvan a Billy šli do královské hrobky <a href=\'?s=United kingdom of Gisonia\'>Gisonie</a>. Co všechno prožijí v hrobce je pouze na nich.(potkali <a href=\'?s=Phera\'>Pheru</a> lol)</p>\n\n<h2>Korunace Nicholase</h2>\n<p><a href=\'?s=Griuf\'>Griuf</a> a <a href=\'?s=Oscar\'>Oscar</a> úspěšně korunovali <a href=\'?s=Nicholas\'>Nicholase</a> na krále <a href=\'?s=United kingdom of Gisonia\'>Gisonie</a>. Teď se vrací do přístavu kde budou čekat na <a href=\'?s=Jerome\'>Jeroma</a></p>\n\n<h1>God\'s descent Quest</h1>\n\n<h2>1. státní převrat</h2>\n<p><a href=\'?s=Griuf\'>Griuf</a> a <a href=\'?s=Oscar\'>Oscar</a> procestovali stát <a href=\'?s=Pedia\'>Pedia</a> a zavraždili jejího panovníka. Oscar úspěšně uchvátil <a href=\'?s=Phera\'>Pheru</a> svým charizmatem (ještě jsme v tu chvíli neměli kostky, ale kdyby jo, hodil by 11/d12 damn). Teď dorazili do hlavního města <a href=\'?s=Abhzian empire\'>Abhzian empire</a> a plánují osvobodit bohyni chaosu a navázat s ní (pro Oscara) a ještě s bohem lži (pro Griufa) kontakt.</p>\n\n<h2>Rodinný nákup a počáteční útok</h2>\n<p><a href=\'?s=Griuf\'>Griuf</a> a <a href=\'?s=Oscar\'>Oscar</a> dojeli do hlavního města <a href=\'?s=Abhzian empire\'>Abhzianu</a> a nakoupili na aukci černého trhu. Na trhu nechali všechny jejich peníze. Poté se pokoušeli vtrhnout do sultánova paláce, kde Griufovi se to úspěšně povedlo a Oscar teď běží na pláž útočit na vojsko. V tu chvíli začali z oceánu útočit vojska <a href=\'?s=United kingdom of Gisona\'>Království Gisonie</a>.</p>\n\n<h2>Chaos v Abhziánu</h2>\n<p><a href=\'?s=Griuf\'>Griuf</a> a <a href=\'?s=Oscar\'>Oscar</a> následně zaútočili na sultána který nad nimi zvítězil a oni se vrátili k mostu. Následně přijíždí <a href=\'?s=Nizen\'>Nizen</a> a <a href=\'?s=Jerome\'>Jerome</a> s královskou flotilou. Následně po tom co Jerome a Nizen projdou okolo <a href=\'?s=Phera\'>Phery</a> a <a href=\'?s=Heidi\'>Heidi</a> se po dlouhé době všichni setkají pod mostem hlavního města <a href=\'?s=Abhzian empire\'>Abhzianu</a>.</p>\n\n<h2>Sultán Solimán</h2>\n<p>Všichni naši hrdinové úspěšně porazili <a href=\'?s=Cinar\'>sultána</a> a <a href=\'?s=Oscar\'>Oscar</a> osvobodil <a href=\'?s=Bazella\'>bohyni chaosu</a> ze zajetí, avšak je zmaten, jelikož bohyně chaosu mu nedala žádné přesné informace. Ostatní tři mezitím vybrali pokladnu a ukořistili si nové zbraně ze zbrojnice. Pro Oscara se možná naskytnou informace u <a href=\'?s=Phera\'>Phery</a>.</p>\n\n<h2>Cesta do Drákie</h2>\n<p><a href=\'?s=Oscar\'>Oscar</a>, <a href=\'?s=Griuf\'>Griuf</a> a <a href=\'?s=Nizen\'>Nizen</a> vyrazili na cestu směrem do <a href=\'?s=Dracia\'>Drakie</a>. Oscar, aby splnil quest, Griuf, aby otevřel starodávnou kovadlinu a Nizen, aby se naučila magii. Oscar si mezitím opravil meč gladiátor. Nakonec potkali otroka, kterého už viděli na své cestě jednou... (na černém trhu)</p>\n\n<h2>Božský sestup</h2>\n<p><a href=\'?s=Oscar\'>Oscar</a> a <a href=\'?s=Griuf\'>Griuf</a> spojili síly a společně zahájili rituál pro <a href=\'?s=Bazella\'>bohyni chaosu</a>. Po dlouhém a těžkém boji s <a href=\'?s=Thrumborian\'>Thrumboriánem</a> se konečně podařilo dvojici monstrum porazit a následně rituál dokončit. Avšak nečekali následky svých činů a každého individuálně postihla božská odplata. (účastnili se i Nizen a Greneha, ale celou dobu spaly takže nic nedělali)</p>\n\n<h1>Jerome a jeho individuální dračák (tři roky pozadu)</h1>\n<p><a href=\'?s=Jerome\'>Jerome</a>, který společně s <a href=\'?s=Nicholas\'>Nicolasem</a> přijíždí zpět do <a href=\'?s=United kingdom of Gisona\'>Gisonie</a>, začal vyslýchat a mučit radu starších.</p>\n<p>Jerome začal prozkoumávat dungeon v <a href=\'?s=Abhzian empire\'>Abhzianu</a> a přitom zjistil funkci svého nového kladiva. Následně vyvolal <a href=\'?s=Cornelius\'>boha pravdy</a> a vyptával se na pár otázek. Poté jeho cesta dungeonem pokračovala.</p>\n<p>Jerome po průzkumu dungeonu vyšel dále na svou cestu. Avšak cesta byla rychle zastavena příchodem <a href=\'?s=Despair disease\'>hordou monster</a>, které zmenšili počet členů o polovinu. Nakonec vyšli z boje jako vítězové, ale ztráty se nedaly ignorovat, proto zamířili do hlavního města.</p>\n\n<h1>God\'s aftermath</h1>\n\n<h2>Oscarovo nešťastné probuzení</h2>\n<p><a href=\'?s=Oscar\'>Oscar</a> se po incidentu probouzí uprostřed pouště s <a href=\'?s=Phera\'>Pherou</a> v bezvědomí. Plný paniky se ji snaží probrat a málem po neúspěšném kouzlu upadne do bezvědomí také (naštěstí měl failsafe ring). Nakonec ho napadne použít krystal chaosu který měl v inventáři (pašák, tleskám, to ani mě nenapadlo) a Phera se naštěstí probouzí. Společně s Pherou se tedy vydali na cestu hledat <a href=\'?s=Bazella\'>bohyni chaosu</a> poté, co jim neodpovídala na jejich kontakt. </p>\n\n<h2>Griufovo nebezpečné probuzení</h2>\n<p><a href=\'?s=Griuf\'>Griuf</a>, který se probouzí ve sklepení, se ocitne ve vážném nebezpečí od <a href=\'?s=Lydia\'>bohyně nenávisti</a> a ihned běží směrem do <a href=\'?s=Shia\'>Shii</a>, kde se setkává se zmrzačeným <a href=\'?s=Oscar\'>Oscarem</a>. Oscar totiž těsně před tím potkal <a href=\'?s=Bazella\'>bohyni chaosu</a> (společně s <a href=\'?s=Phera\'>Pherou</a>), avšak nebylo to šťastné setkání a bohyni rozzuřil. Následně se dozvěděl, že Phera pomalu umírá bez síly chaosu. Proto je teď jeho účelem ji zachránit.</p>\n\n<h1>Dungeon of Lies</h1>\n\n<h2>Záchrana Phery (poprvé) a vstup do dungeonu</h2>\n<p>Skupina se setkává v městečku Wakyuen (<a href=\'?s=Shia\'>Shia</a>) a jejich dalším úkolem je zachránit <a href=\'?s=Phera\'>Pheru</a>. Proto hrdinové cestují do <a href=\'?s=Olsinbel\'>Olsinbelu</a> za <a href=\'?s=Aria\'>bohyní lásky</a> aby se smilovala nad ztraceným andělem. Putování jim ztížila <a href=\'?s=Bazella\'>bohyně chaosu</a>, která aktivovala <a href=\'?s=Deity roulette\'>dny bohů</a>. Naštěstí se jejich prosba bohyni lásky naplnila a proto pokračovali v jejich cestě. Dalším cílem bylo posílit se, což pro ně znamenala cesta do blízkého dungeonu, který byl překvapivě jednoduchý, až na to, že neví, co je doopravdy čeká... (btw <a href=\'?s=Griuf\'>Griufa</a> nechali v nějakym random městě)</p>\n\n<h2>Divná podlaha (začátek devíti-hodinového sessionu)</h2>\n<p><a href=\'?s=Oscar\'>Oscar</a>, <a href=\'?s=Eryn\'>Eryn</a> a <a href=\'?s=Greneha\'>Greneha</a> pokračují na ve své cestě s cílem zastavení <a href=\'?s=Deity roulette\'>dnů bohů</a>. V dungeonu ve kterém minule ukončili svou cestu si Eryn všiml, že podlaha po jejich nohama je překvapivě křehká. Následně Eryn vystřelil hmotnou hlínu (Form Bullet & Spell Decompression & Mass addition) na podlahu, která se po tíze hlíny rozdrtila a svrhla skupinu do hlubin. </p>\n\n<h2>Farius a první anděl</h2>\n<p>V tu chvíli, všichni zmatení, dopadli do jednoho ze vstupů Labyrintu <a href=\'?s=Farius\'>Faria</a> (Also Greneha spadla první a za ní následovali Oscar a Eryn, který na ní spadli lol). Následně procházeli skrz labyrint, kde objevili <a href=\"?s=Titanshellica\">Skořapice Titánské</a> a následně i samotného Faria. Farius skupinu chvíli poklidně provází skrz jeho labyrint, avšak v tu chvíli co přijde Phera je Farius zaskočen a zároveň potěšen, že po dlouhé době konečně potkal anděla. Přitom, co se Farius snaží využít Pheru jako materiál pro vzkříšení <a href=\'?s=The First Angels\'>tajemné loutky</a> visící v jeho hlavní místnosti. Skupina se tomuto snaží zabránit, až nakonec z veliké signatury magie se do místnosti protrhá <a href=\'?s=Bazella\'>bohyně chaosu</a>, která rozerve Faria zevnitř. Když nastane chvilka klidu, bohyni zaujme ležící loutka uprostřed místnosti a loutku vzkřísí samotná bohyně. Skupina pohlíží na chaos probíhající před jejich očima a s hrůzou přihlíží na <a href=\'?s=Bazella\'>bohyni bez hlavy</a> stojící vedle loutky. </p>\n\n<h1>Chaos Festival</h1>\n\n<h2>Útěk z dungeonu a konec dnů bohů</h2>\n<p>Naštěstí se jejich zkáze vyhnuli díky <a href=\'?s=Aria\'>bohyni lásky</a>, která je vyhodila z labyrintu na okraj <a href=\'?s=Dracia\'>Drakie</a>. <a href=\'?s=Bazella\'>Bohyně Chaosu</a>, už nežije. Naše skupina využila jejich polohy a ihned směřovali do centra Drakie s plánem zničit <a href=\'?s=Deity roulette\'>dny bohů</a>. Oscara zaskočí to, že jeho <a href=\'?s=Chaos Magic\'>magie chaosu</a> stále funguje, avšak v tu chvíli ho tento fakt nezastavuje. Po nějaké době zápasení s <a href=\'?s=Dragon\'>draky</a> (also <a href=\'?s=Eryn\'>Eryn</a>, který zápasí se svými pocity k drakům lol) se do centra Drakie dostali a také generátor dnů bohů zničili. Následoval útěk před drakem královským, kterého naštěstí přesvědčili, aby je nechal být (někdo hodil 12/d12 wow). Po dalším úspěšném questu začal Oscar zkoumat své stále fungující spojení s magií chaosu a pokusil se kontaktovat svou (tehdejší) bohyni. </p>\n\n<h2>Oscarovo dobrodružství ve voidu</h2>\n<p>Ocitl se v <a href=\'?s=Void\'>temné nicotě</a> kde v dálce viděl různé <a href=\'?s=Siive\'>rojnice světla</a>, které se přibližovali. Jak se rojnice přibližovali, <a href=\'?s=Oscar\'>Oscar</a> zůstával na míste (debil) a přestože cítil z hloubky svého těla že je ve velkém nebezpečí a že by měl spirituální kontakt ihned přerušit, nehnul se ani krok (DEBIL). Následně ho rojnice obklopila (DEBIIIIL) a začala požírat jeho duši (DEBIL DEBILNÍ VAROVAL JSEM HO TŘIKRÁT). <a href=\'?s=Phera\'>Phera</a> která toto postihla z reality ihned vešla do kontaktu s Oscarem a (bohužel neefektivně) bránila obě jejich duše před rojnicí. Oscar zběsile a v bolestech zvolal jméno <a href=\'?s=Victor\'>existence</a>, který jakoby bez zamyšlení Pheru a Oscara přenesl na <a href=\'?s=World Bridge\'>Most</a>. </p>\n\n<h2>Greneha a bohyně nenávisti</h2>\n<p>Oba dva teď umírající a v bolestech leželi na <a href=\'?s=World Bridge\'>chladné bílé podlaze nicoty</a>, přičemž <a href=\'?s=Victor\'>bůh existence</a> mumlal tichá slova zmatku, jakoby si Phery a Oscara nevšimnul. Mezitím Greneha se snahou pomoci svým společníkům začala kontakt s <a href=\'?s=Lydia\'>bohyní Nenávisti</a>, kde s bohyní měla krátký dialog (spíše monolog ze strany Nenávisti). Bohyně nenávisti, která kvůli její povaze utlumila smysly a vyvolala nenávistné myšlenky v mysli Grenehy, přičemž Greneha následně začala útočit na Eryna. Po chvíli se Greneha uklidnila a s bohyní nenávisti se domluvila, že bohyně nenávisti pomůže ztraceným duším na <a href=\'?s=World Bridge\'>Mostu</a>.</p>\n\n<h2>Návrat do dungeonu (konec devíti-hodinového sessionu)</h2>\n<p>Na <a href=\'?s=World Bridge\'>Mostu</a> se za chvíli ocitla <a href=\'?s=Lydia\'>bohyně nenávisti</a> a <a href=\'?s=Victor\'>boha existence</a> požádala o propuštění <a href=\'?s=Phera\'>Phery</a> a <a href=\'?s=Oscar\'>Oscara</a>, což tak poté učinil. Oscar se úspěšně vrátil do reality, avšak Phera se bohužel neprobrala. Skupina hledala možnost jak Pheru probrat a zjistili, že skořápka její duše pukla a teď Phera pomalu umírá (znova :| ). Jelikož v labyrintu <a href=\'?s=Farius\'>Faria</a> se nacházeli nástroje pro úpravu duše se vydali zpět do labyrintu. Skupina se znovu nachází v labyrintu kde hledá způsob jakým by se mohla Phera vyléčit, avšak v tu dobu už odbyla <strong>9.</strong> hodina našeho DnD setkání a byl jsem absolutně neschopen cokoliv popisovat či vymýšlet.</p>\n\n<h1>Dungeon of Lies pt 2</h1>\n\n<h2>Hlubší průzkum</h2>\n<p><a href=\'?s=Oscar\'>Oscar</a>, <a href=\'?s=Greneha\'>Greneha</a>, <a href=\'?s=Eryn\'>Eryn</a> a <a href=\'?s=Phera\'>Phera</a> (v bezvědomí) prozkomávají dungeon, dokud nenašli skryté dveře. Poté co se uspěšně dostali to skrytých komnat, objevili <a href=\'?s=Farius\'>Fariovy</a> další projekty které souviseli s <a href=\'?s=Chermeta\'>chermetou</a>. Procházeli kolem různých místností s monstry a jinými Fariovy výtvory, hlavičku bez tělíčka a nekolika znetvořených humanoidních živých bytostí, avšak bez naděje v jejich očích. Omylem aktivovali past, která je do komnat uzavřela a zároveň odkryla jinou místnost, plnou <a href=\'?s=Chwerr\'>chwerů</a>. Po dlouhém zápasu naštěstí nikdo nestratil svůj život, avšak Eryn si omylem zmrazil nohy skrz na skrz. Poté objevili přístroj, který umožňuje komunikaci smrtelníků s <a href=\'?s=Void\'>neprostorem</a> a proto se rozhodli spolu s Pherou vstoupit a Pheru \"opravit\". (Eryn jediný zůstal v normálním světě)</p>\n\n<h2>Prostor neprostor</h2>\n<p>Skupina se ocitne v <a href=\'?s=Void\'>neprostoru</a>, kde následně potkají <a href=\'?s=Farius\'>Fariovu</a> duši a společně s ním hledají fragmenty <a href=\'?s=Soul\'>duší</a>, kterými následně opravovali skořápky Oscara a Phery. V neprostoru proběhlo několik soubojů s <a href=\'?s=Siive\'>rojnicemi</a>, které pomocí týmové práce bez větších problémů překonali. Nakonec se rozhodli spojit síli s Fariem a slíbili mu nové tělo, s tím, že jim pomůže vyřešit problém <a href=\'?s=The First Angels\'>prvního anděla</a>. Farius je před jejich odchodem varuje, že anděl během 15 dnů začne opravdu ničit a poté odhaduje, že bude trvat 5 let, než vymizí veškerý život, stejně jako tehdy před 3300 lety. Skupina se poté vrací do reality a odchází si odpočinout do nejbližšího města.</p>\n\n<h2>Krčmářští válečníci</h2>\n<p>Po dlouhodobém zápasení s veškerým nadpřirozeným se naši hrdinové uchylují k ještě důležitějšímu poslání. Po cestě potkali malou skupinku banditů, se kterou diplomaticky dohodli volný průchod přes hranice (všechny je zabili) a pokračovali ke svému cíli. Už v tu chvíli co Oscar vešel do místní krčmy bylo vidět, že městečko pozbývá naděje pro budoucnost, což je nepřípustné a proti jeho principům. (odehrává se ve státu <a href=\'?s=Chikia\'>Chikia</a>)</p>\n<p>Spousta věcí se tehdejší večer stala. Oscarovi se podařilo vyhrát kolem pěti soutěží, Greneha měla svou první přepíječku a Eryn měl velice neklidnou noc. I přes spálené oči a nos od silné pálenky byly Oscar i Greneha vítězi ve všech soutěžích, nacož Greneha dala Oscarovi facku (už si nepamatuju proč, ale hodila 20/d20 :O), pobíhala po krčmě, narazila do stolu a zkolabovala, mezitím Oscar pil dál. Další den ráno už celé město mělo nový nádech života (až na Oscara a Grenehu, ty měli kocovinu jako prase). Rozhodli se pomoct místnímu páru se sběrem říčních kytek, přičemž Oscar se v lovu zlepšoval a Greneha napodobovala poleno cestující po proudu.</p>\n\n<h1>Farius Quest</h1>\n<h2>Bohyně tvoření a Erynovy problémy</h2>\n<p>Poté se hrdinové vydali na cestu za <a href=\'?s=Angel\'>andělem</a> tvoření. Dojeli lodí až do <a href=\'?s=Wantinpiq\'>Wantinpiqu</a>, kde potkali <a href=\'?s=Aulenna\'>bohyni tvoření</a>, se kterou poklidně domluvili její pomoc. Do jejich skupiny se tedy přidal nový anděl [TODO: nepamatuju si jméno], avšak ne všechno proběhlo hladce. Eryn totiž zakryl (haha, koho kryl), že byl z Wantinpiqu vyhoštěn a teď ho uvěznili za jeho hříchy z minulosti. Tady končí náš další session.</p>', '#a#info#unfinished', 2, ';'),
(20, 'Titanshellica', '<h1>Information:</h1>\n<ul>\n<li>Main location: Underground (everywhere)</li>\n<li>Status: Thriving</li>\n<li>Intelligence: Low (hivemind medium)</li>\n<li>Magic Circles: 3</li>\n<li>Magic type: None</li>\n<li>Lifespan: 5 years</li>\n</ul>\n<h2>Extra info:</h2>\n<ul>\n<li>Prehistoric species (before NG)</li>\n<li>Titanshellica queens have higher intelligence, but lower move speed</li>\n</ul>\n<h1>Description</h1>\n<p>Underground living creature of massive sizes. While their living environment is deep underground where rock is as solid as pure steel, they posses immense power because of their diet consisting on pure energy.</p>\n<p>As the Titanshellica evolved, it reached large sizes. An average worker Titanshellica 4-4-40 meters, while larger individuals like a queen reaches up to 20-20-500 meters.</p>\n<p>Despite their large size, worker Titanshellicas can move at speeds comparable to a healthy horse.</p>\n<p>Their digestive system (which consists of a large flesh tube throughout their entire body) breaks down most materials into pure energy. The longer the Titanshellica is, the purer the energy crystal their digestive system outputs.</p>\n<p>(A Titanshellica appears similar to a crossbreed of an ant, centipede and a pillbug with a tube like digestive system through their center)</p>\n\n<h1>History</h1>', '#unfinished#species', 1, ';Oscar;Eryn;Greneha;'),
(25, 'Magic System', '<div><h1 data-heading=\"Základní informace\" dir=\"auto\">Základní informace</h1>\n<h1 data-heading=\"Magické kruhy\" dir=\"auto\">Magické kruhy</h1>\n<p dir=\"auto\">Magický kruh (MK) je spirituální objekt který umožňuje funkci magie. Pro aktivaci magie potřeba stejný nebo větší počet MK než je komplexita magie.<br>\nMagické kruhy se také dají použít pro aktivaci předpřipravených magických obvodů. Je možné aktivovat stejný počet obvodů jako je počet kruhů (<em>nepočítají se kruhy, které zrovna aktivují magii</em>).</p>\n<h1 data-heading=\"Druhy magie\" dir=\"auto\">Druhy magie</h1>\n<h2 data-heading=\"Aktivní magie\" dir=\"auto\">Aktivní magie</h2>\n<p dir=\"auto\">Magie se kategorizuje jako aktivní, pokud je schopná samostatně utvořit efekt. Je možné aktivovat pouze jednu aktivní magii najednou (<em>pokud to nemění jiné pravidlo</em>).</p>\n<h3 data-heading=\"Vlastnosti aktivní magie\" dir=\"auto\">Vlastnosti aktivní magie</h3>\n<p dir=\"auto\">(Zvýrazněné údaje jsou nejdůležitější)</p>\n<h5 data-heading=\"__Komplexita__\" dir=\"auto\"><strong>Komplexita</strong></h5>\n<ul>\n<li dir=\"auto\"><strong>určuje kolik MK je potřeba pro aktivaci magie</strong></li>\n<li dir=\"auto\">dá se aktivovat i magie s větší komplexitou, než je MK, ale při a po aktivaci to má své vedlejší efekty\n<ul>\n<li dir=\"auto\"> 1 = bolest při aktivaci & tato magie se tento den už nedá aktivovat</li>\n<li dir=\"auto\"> 2 = extrémní bolest při aktivaci & žádná magie se tento den už nedá aktivovat</li>\n<li dir=\"auto\"> 3 = ztráta vědomí a extrémní bolest při aktivaci & rozbití magických kruhů (počet podle hodu kostkou)</li>\n<li dir=\"auto\"> 4 = krvácení a všechny předchozí efekty při aktivaci & uživatel magie zemře na místě</li>\n</ul>\n</li>\n<li dir=\"auto\">od 5. komplexity je magie viditelná už od začátku vyvolávání</li>\n</ul>\n<h5 data-heading=\"Původ\" dir=\"auto\">Původ</h5>\n<ul>\n<li dir=\"auto\">Z kterého boha tato magie pochází</li>\n<li dir=\"auto\">Někdo může mít výhody, pokud má kontakt s určitým bohem </li>\n</ul>\n<h5 data-heading=\"__Vyvolávací čas__\" dir=\"auto\"><strong>Vyvolávací čas</strong></h5>\n<ul>\n<li dir=\"auto\"><strong>čas mezi začátkem aktivace a koncem aktivace</strong> (konec aktivace = magie začne svůj efekt)</li>\n<li dir=\"auto\">pokud u kouzla není specifikován, znamená to, že vyvolávací čas trvá jedno kolo\n<ul>\n<li dir=\"auto\">jedno kolo znamená, že na začátku kola začne aktivace a končí na konci kol všech ostatních (příklad: začneš aktivaci, ale mezitím je na řadě protivník a stihne tě probodnout)</li>\n</ul>\n</li>\n<li dir=\"auto\"><strong>Při vyvolávacím čase se musí uživatel soustředit na magii, proto nemůže dělat nic moc jiného</strong>\n<ul>\n<li dir=\"auto\">pokud uživatel ztratí soustředění, nemůže používat magii na další tři kola</li>\n</ul>\n</li>\n</ul>\n<h5 data-heading=\"__Šance neúspěchu__\" dir=\"auto\"><strong>Šance neúspěchu</strong></h5>\n<ul>\n<li dir=\"auto\"><strong>Šance, že kouzlo neuspěje</strong></li>\n<li dir=\"auto\">Pokud kouzlo neuspěje, postava ztrácí schopnost používat magii na počet kol, který je určen podle komplexity dané magie\n<ul>\n<li dir=\"auto\">příklad efektu při neúspěchu: <span class=\"internal-link\">Basic healing</span>, které má komplexitu 2, znemožní postavě používat magii na 2 kola</li>\n<li dir=\"auto\">může mít i jiné efekty</li>\n</ul>\n</li>\n<li dir=\"auto\"><strong>Tato šance se dá snížit trénováním této magie</strong></li>\n</ul>\n<h5 data-heading=\"Další možné vlastnosti:\" dir=\"auto\">Další možné vlastnosti:</h5>\n<ul>\n<li dir=\"auto\">Udržování magie i po aktivaci</li>\n<li dir=\"auto\">Vyžadované oběti nebo objekty potřebné pro aktivaci</li>\n</ul>\n<h2 data-heading=\"Modifikační magie\" dir=\"auto\">Modifikační magie</h2>\n<p dir=\"auto\">Magie se kategorizuje jako modifikační, pokud po svém vyvolání potřebuje aspoň jednu aktivní magii k dosažení aktivace. Modifikuje efekt aktivní magie a podle svých vlastností mění komplexitu a vyvolávací čas.<br>\nNa rozdíl od aktivní magie je možné aktivovat neomezený počet modifikací za jeden tah.</p>\n<h1 data-heading=\"Shrnutí:\" dir=\"auto\">Shrnutí:</h1>\n<ul>\n<li dir=\"auto\">Každý tvor má vnitřní magické kruhy, které umí zpracovávat magii.</li>\n<li dir=\"auto\">Každé aktivní kouzlo má své základní vlastnosti: \n<ul>\n<li dir=\"auto\">počet vyžadovaných MK (komplexita)</li>\n<li dir=\"auto\">vyvolávací čas (pokud není specifikováno, tak je to jedno kolo)</li>\n<li dir=\"auto\">šance neúspěchu</li>\n<li dir=\"auto\">Každé aktivní kouzlo <strong>může</strong> mít ještě své unikátní vlastnosti</li>\n</ul>\n</li>\n<li dir=\"auto\">Modifikační kouzla potřebují aktivní kouzlo pro jakýkoliv efekt</li>\n<li dir=\"auto\">Modifikační kouzla upravují chování a vlastnosti příslušného aktivního kouzla</li>\n<li dir=\"auto\"><strong>všechno může být výjimkou z těchto pravidel, pokud má magie své vlastní pravidla</strong></li>\n</ul>\n<h1 data-heading=\"Další informace\" dir=\"auto\">Další informace</h1>\n<h2 data-heading=\"Tagy\" dir=\"auto\">Tagy</h2>\n<h3 data-heading=\"Komplexity slovně (nedůležité)\" dir=\"auto\">Komplexity slovně (nedůležité)</h3>\n<ol>\n<li dir=\"auto\"><span class=\"tag\">#Beginner-level</span></li>\n<li dir=\"auto\"><span class=\"tag\">#Novice-level</span></li>\n<li dir=\"auto\"><span class=\"tag\">#Creature-level</span></li>\n<li dir=\"auto\"><span class=\"tag\">#Mortal-level</span></li>\n<li dir=\"auto\"><span class=\"tag\">#Sage-level</span></li>\n<li dir=\"auto\"><span class=\"tag\">#Ritual-level</span></li>\n<li dir=\"auto\"><span class=\"tag\">#Angel-level</span></li>\n<li dir=\"auto\"><span class=\"tag\">#Dragon-level</span></li>\n<li dir=\"auto\"><span class=\"tag\">#Kantra-level</span></li>\n<li dir=\"auto\"><span class=\"tag\">#Spirit-level</span></li>\n<li dir=\"auto\"><span class=\"tag\">#God-level</span></li>\n</ol>\n<h3 data-heading=\"Šance neúspěchu slovně (nedůležité)\" dir=\"auto\">Šance neúspěchu slovně (nedůležité)</h3>\n<ul>\n<li dir=\"auto\">1% = <span class=\"tag\">#Trivial-concept</span></li>\n<li dir=\"auto\">5% = <span class=\"tag\">#Basic-concept</span></li>\n<li dir=\"auto\">10% = <span class=\"tag\">#Intermediate-concept</span></li>\n<li dir=\"auto\">25% = <span class=\"tag\">#Advanced-concept</span></li>\n<li dir=\"auto\">50% = <span class=\"tag\">#Hard-concept</span></li>\n<li dir=\"auto\">75% = <span class=\"tag\">#Master-concept</span></li>\n<li dir=\"auto\">100% = <span class=\"tag\">#Impossible-concept</span></li>\n</ul>\n<h3 data-heading=\"Všechna magie\" dir=\"auto\">Všechna magie</h3>\n<ul>\n<li dir=\"auto\"><span class=\"tag\">#magic-system-x</span>\n<ul>\n<li dir=\"auto\">tohle můžete ignorovat, je to pouze informace pro mě</li>\n</ul>\n</li>\n<li dir=\"auto\"><span class=\"tag\">#skill-posibility</span>\n<ul>\n<li dir=\"auto\">Tato magie může být naučena do takové úrovně, že nemá potřebu používat MK, šanci neúspěchu a její vyvolávací čas je instantní</li>\n</ul>\n</li>\n</ul>\n<h3 data-heading=\"Aktivní magie\" dir=\"auto\">Aktivní magie</h3>\n<ul>\n<li dir=\"auto\"><span class=\"tag\">#static-spell</span>\n<ul>\n<li dir=\"auto\">nemá žádný pohyb a nepůsobí na ni reálná hmota</li>\n<li dir=\"auto\">hlavně magie která vytváří nějaký efekt (například healing)</li>\n</ul>\n</li>\n<li dir=\"auto\"><span class=\"tag\">#dynamic-spell</span>\n<ul>\n<li dir=\"auto\">má svou vlastní hmotu a působí na ni gravitace a všechno možné ostatní (zdi atd.)</li>\n<li dir=\"auto\">např. magické projektily</li>\n</ul>\n</li>\n</ul>\n<h3 data-heading=\"Modifikační magie\" dir=\"auto\">Modifikační magie</h3>\n<ul>\n<li dir=\"auto\"><span class=\"tag\">#static-mod</span>\n<ul>\n<li dir=\"auto\">může měnit efekty pouze u <span class=\"tag\">#static-spell</span></li>\n</ul>\n</li>\n<li dir=\"auto\"><span class=\"tag\">#dynamic-mod</span>\n<ul>\n<li dir=\"auto\">může měnit efekty pouze u <span class=\"tag\">#dynamic-spell</span></li>\n</ul>\n</li>\n<li dir=\"auto\"><span class=\"tag\">#universal-mod</span>\n<ul>\n<li dir=\"auto\">může měnit efekty vší magie</li>\n</ul>\n</li>\n<li dir=\"auto\"></li>\n</ul></div>', '#a#info#magic#unfinished', 4, ';'),
(26, 'Admin Other', '<h1>NEZAPOMÍNAT NA:</h1>\n<ul>\n<li>prsten pozornosti</li>\n<li>prsten odpuštění</li>\n<li>připomínat charge</li>\n<li>náhrdelník záchrany</li>\n<li>anděl stvoření cestuje s partou</li>\n<li>PHERA DOPÍČI FURT NA TU TÝPKU ZAPOMÍNÁM</li>\n</ul>\n\n<h1>Příště:</h1>\n<ul>\n<li>v \"last time\" není doplněný jméno anděla tvoření</li>\n</ul>', '#z', 1, ';'),
(27, 'Farius', '<h1 data-heading=\"Information:\" dir=\"auto\">Information:</h1>\n<ul>\n<li>Race: <a href=\"?s=Karran\">Karran</a></li>\n<li>Status: dead</li>\n<li>Intelligence: High</li>\n<li>Magic Circles: 6</li>\n<li>Magic type: <a href=\'?s=Lie Magic\'>Lies</a></li>\n<li>Alignment: Chaotic Neutral</li>\n<li>Year born: 2940 WR</li>\n</ul>\n<h1>Description</h1>\n<p>A <a href=\"?s=Karran\">Karran</a> man of a smaller deformed statue. With a slurred speech due to his life underground without any sentient contact and his successful attempts at prolonging his life, this being has gone somewhat mad. He was about 130 cm tall and his left side of the body appeared to be \"sliding\" off, this once attractive mage previously regarded as the great mage of <a href=\"?s=Olsinbel\">Olsinbel</a>, has deformed into an unrecognizable creature. His thoughts are constantly filled with magic and creature research and <a href=\"?s=Aria\">Aria</a>.</p>\n<h1>History</h1>\n<p>Before his death, he was a caretaker of a large <a href=\"?s=Titanshellica\">Titanshellica</a> colony and a researcher of <a href=\"?s=The First Angels\">the first angels</a>.</p>\n<p>About 300 years ago, when the <a href=\'?s=New Gods\'>new gods</a> appeared, he was the being left behind.</p>\n<p>Unfortunately, Farius passed soon after attempting to sacrifice <a href=\'?s=Phrea\'>Phera</a> as a material for reviving one of the <a href=\'?s=The First Angels\'>first angels</a> and being discovered by the <a href=\'?s=Bazella\'>goddess of chaos</a>.</p>\n<p>Even after death, Farius met the party in the <a href=\'wiki.php?s=Void\'>void</a> as a <a href=\'wiki.php?s=Soul\'>soul</a>.</p>', '#character', 1, ';Oscar;Eryn;Greneha;'),
(28, 'KDnD', '<h1>Welcome to the wiki!</h1>\n<h2>Current year: 303 NG [3303 WR]</h2>\n<p>Most of it is in english but some of it is czech. Its easier for my monkey brain, deal with it (pokud tohle ještě jednou někdo zmíní tak dostane hemoroidy, a pokud to zmíní Adam Zeman tak ho pls vyfoťte, nemá to rád)</p>\n<p>This wiki is always in progress and always updating :)</p>\n<h3>Important links:</h3>\n<ul>\n<li><a href=\"?s=Last Time\">(almost) All previous sessions</a></li>\n<li><a href=\"?s=Magic System\">Magic System</a></li>\n</ul>\n<h2>Rolls:</h2>\n<p>Attack: d20<br>\nPersuasion: d12<br>\nMagic: d10 & d100<br>\nPerception: d8<br>\nOther: d6 or d4 </p>\n<h2>Wiki searching</h2>\nOn desktop, you just type into the textfield, this by default searches the names of the lore, but you can also search by their tags by clicking on the button next to it (the button either says \"name\" or \"tags\").<br>\nOn mobile, the process is the same, however, you have to first open the search window by clicking on the spyglass in the top right (clicking it again will hide the search window).\n<p>Also, if you try to access lore that is considered a spoiler to your character, you will meet <strong>my</strong> goddess.</p>\n<h3>The Lore list</h3>\n<p>On the right side of the screen is the lore list (on mobile, it\'s in the search button on the top right). With the lore list, you can search the wiki pages by name or tag.</p>\n<p>The lore names can appear in three colors:</p>\n<ul>\n<li><strong>White</strong> - you and everyone in your group (Admin, Player, Champion, NPC. You\'re most likely a Player) view this lore</li>\n<li><strong>Blue</strong> - your group can\'t normally view this lore, but <strong>you</strong> specifically are allowed. Usually happens when your character discovers some new information, but doesn\'t tell the others</li>\n<li><strong>Red</strong> - this contains spoilers or something that your character doesn\'t know</li>\n</ul>\n<h3>Common lore tags:</h3>\n<ul>\n<li>#species - all types of beings on the planet, including sentient beings, animals, plants etc.</li>\n<li>#magic - lore about magic (duh)</li>\n<li>#character - all characters in the game, includes players</li>\n<li>#a, #z - all these are there just to appear higher on the list (the wiki list first sorts by tags, then by name)</li>\n<li>#admin - dont worry about it</li>\n<li>#unfinished - this one is just for me as a reminder that the lore isn\'t done</li>\n</ul>\n<p>There are gonna be more, but some aren\'t as frequent (like #info), so im not gonna include them in this list</p>\n<h1>Admin stuff</h1>\nIf you aren\'t an admin, these links <strong>shouldn\'t</strong> work for you\n<ul>\n<li><a href=\'?s=Next Time\'>Next Time</a></li>\n<li><a href=\'?s=Ideas\'>Ideas</a></li>\n<li><a href=\'?s=Admin Shortcuts\'>shortcuts</a></li>\n<li><a href=\'?s=Admin Other\'>other</a></li>\n</ul>', '#a#info', 4, ';'),
(30, 'Admin Shortcuts', '<h1>Global shortcuts</h1>\n<ul>\n<li>ctrl E - switches edit mode</li>\n</ul>\n<h1>Wiki shortcuts</h1>\n<ul>\n<li>ctrl ENTER - attempts to overwrite or save the opened lore</li>\n<li>ctrl K - attempts to place an internal link onto the selected text</li>\n<li>ctrl , - attempts to make paired html tags form the selected text (or the text in whitch the cursor is)</li>\n</ul>', '#z', 1, ';'),
(31, 'Template Character', '<h1>Information:</h1>\n<ul>\n<li>Race: <a href=\"wiki.php?s=\"></a></li>\n<li>Status: </li>\n<li>Intelligence: </li>\n<li>Magic Circles: </li>\n<li>Magic type: </li>\n<li>Alignment: </li>\n<li>Year born: </li>\n</ul>\n<h2>Extra info:</h2>\n<ul>\n<li></li>\n</ul>\n<h1>Description</h1>\n\n<h1>History</h1>\n', '#z#template', 1, ';'),
(33, 'Oscar', '<h1>Information:</h1>\n<ul>\n<li>Race: <a href=\"https://en.wikipedia.org/wiki/Human\">Human</a></li>\n<li>Status: alive</li>\n<li>Intelligence: medium</li>\n<li>Magic Circles: 3 & 2 Chaos</li>\n<li>Magic type: <a href=\'wiki.php?s=Chaos Magic\'>Chaos</a></li>\n<li>Alignment: Chaotic Good</li>\n<li>Year born: 279 NG</li>\n</ul>\n<h2>Extra info:</h2>\n<ul>\n<li>Contact with the <a href=\'wiki.php?s=Bazella\'>goddess of chaos</a>... or is it really that simple?</li>\n</ul>\n\n<h1>Description</h1>\n<p>Son of a fisherman, Oscar grew up admiring the warriors in stories he heard in his youth. He stands 169 cm tall and his build is sleek but muscular. While he doesnt have any training in swordsmanship, he developed his own style, which on its own is inferior to other sword styles, however, Oscar compensates this inferiority by brute strength alone. As he grew up in a warm area of the world in the (now collapsed) <a href=\'wiki.php?s=Republic of Dou\'>Republic of Dou</a>, [insert visual description later here, ask Oscar himself how he looks lol]. His hands have burn scars from the attack that went down in his village. </p>\n<p>Despite all the tragedies in his life, Oscar boasts an energetic personality, the ability to bring upon a joyous party and a deep affection towards stone walls and other stable architecture.</p>\n\n<h1>History</h1>\n<p>Born in the <a href=\'wiki.php?s=Republic of Dou\'>Republic of Dou</a>, where he spent most of his life, up until his 20th birthday.</p>\n<p>During his 20th birthday, pirates landed on the island to steal the treasure hidden in his village (not many people even knew this treasure existed) and murdered everyone except Oscar, who was at that time fishing alone. This started his journey across the world.</p>\n<p>On his journey, he met many friends, and later even a <a href=\'wiki.php?s=Phera\'>lover</a>. However, not everything goes well on his journey.</p>', '#character#player#unfinished', 2, ';'),
(34, 'Chaos Magic', '<h1>Description</h1>\n<p>Chaos magic is one of the 8 main categories of magic, it is commonly used in northern <a href=\'?s=Rophon\'>Rophon continent</a>.<br>\nThis magic is born from the desire to bring upon disorder and make such randomness obey. As such, its use is focused on disrupting objects, souls and luck itself.</p>\n\n<h1>Characteristic</h1>\n<p>The color in which this power usually appers in is scarlet red. When harnessing the power of chaos, all magic (except for other chaos magic) around it seems to fail or break down more often than usuall. This makes chaos a good machup against most defensive magic, as well as breaking other dynamic spells and even some static spells. Chaos magic trully is a universal magic disruptor.</p>\n<h2>Penalty</h2>\n<p>Unless the user has contact with the power itself, or has been training the specific magic for an extended amount of time, all magic above 4th tier will hit the user with a penalty. The penalty consists of rolling a d8, which determines which other powers penalty to choose from.</p>\n', '#magic-type', 1, ';Oscar;'),
(35, 'Ideas', '<h1>General Ideas</h1>\n\n<h1>Lore Ideas</h1>\n<h2>The original gods</h2>\n<ul>\n<li>eventually, 4 of the 5 gods split into the magic 8 powers (Creation, Existence, Order and Chaos primary powers, then Love, Lies, Hate and Truth as secondary)</li>\n</ul>\n\n<h2>Magic drawbacks</h2>\n<ul>\n<li>all magic above a certain level has drawbacks</li>\n<li>drawbacks happen unless the user is prepared in some way (like contact with the power itself)</li>\n<ul>\n<li>Creation: growing certain basic elements from the skin</li>\n<li>Truth: forgetting some facts</li>\n<li>Order: Permanent chains of order are cast on the user</li>\n<li>Love: cannot tell friend from foe</li>\n<li>Hate: Soul rot</li>\n<li>Existance: erasing oneself</li>\n<li>Lie: decieving the world comes with angering the Truth-keepers</li>\n<li>Chaos: a drawback from any other type of magic</li>\n</ul>\n</ul>\n\n<h2>The sun</h2>\n<ul>\n<li>All being and matter formed from the sun, which is visible even in the void</li>\n<li>The sun is actually a huge Magic Sphere (Origin), contrary to the magic circles, it is all powerful and can do everything</li>\n</ul>\n\n<h1>Story Ideas</h1>\n\n<h2>death of the first angel and the new gods</h2>\n<ul>\n<li>all gods perish (except hate) when fighting the first angel</li>\n<li>due to her grief and gaining extreme power, hate goes into hibernation inside the dragon crystal</li>\n<li>another problem arises, hate is spreading (also all dragons die, overall, so much death :3)</li>\n</ul>\n', '#z', 1, ';'),
(36, 'Next Time', '<h1>Greneha backstory labyrinth</h1>\n<p>They find a hidden door in the labyrinth of lies (if they try to leave, they will hear a faint knock)</p>\n<p>inside are multiple rooms</p>\n<ul>\n<li>main room containing chermeta (the substance that mutates humans)</li>\n<li>MANY rooms with enemies (beastmen, sludges and other stuff)</li>\n<li>so many rooms it gives oscar ptsd</li>\n<li>room with a soul tinkerer somewhere along the way (all of them accidentally enter)</li>\n</ul>\n<h1>Void various fun</h1>\n<ul>\n<li>každý dostane roli a jednu kostku pár životu (improv ftw)</li>\n<li>několik rojnic, also potkají znovu Faria</li>\n<li>když mu řeknou něco co se mu bude líbit, pomůže jim</li>\n<li>Jejich duše musí putovat po areálu, a nacházet zbytky duší které nejdou, nebo dostanou z rojnic</li>\n</ul>\n<h1>Battle against the first angel</h1>\n<p>The angel is after the ring</p>', '#b#info', 1, ';'),
(40, 'Phera', '<h1>Information:</h1>\n<ul>\n<li>Race: <a href=\"wiki.php?s=Angel\">Chaos Angel</a></li>\n<li>Status: Alive (but always dying for some reason)</li>\n<li>Intelligence: medium</li>\n<li>Magic Circles: 6 & 1 Love</li>\n<li>Magic type: <a href=\'wiki.php?s=Love Magic\'>Love</a> (previously <a href=\'wiki.php?s=Chaos Magic\'>Chaos</a>)</li>\n<li>Alignment: Chaotic Good</li>\n<li>Year born: 120 NG</li>\n</ul>\n\n<h1>Description</h1>\n<p>Born of chaos, she came to life with the purpose of freeing the <a href=\'wiki.php?s=New Gods\'>new gods</a> from the <a href=\'wiki.php?s=Void\'>void</a>. She stands 170 cm tall and has a somewhat slender build closely mimicking a human woman. Her hair resembles silver silk with a hint of red and her skin is as pale as white marble. Phera doesn\'t speak, unless necessary, which fits her overall calm demeanor. There are only a few things Phera is interested in. She is quite fond of magic, <a href=\'wiki.php?s=Bazella\'>her creator</a> and recently <a href=\'wiki.php?s=Oscar\'>Oscar</a>. Though she is interested in magic, her cast time is slow compared to others, on the other hand, her control over magic is near perfect, making her very adept at forming magic tools and complex magic but, more of a hindrance in battle (she is also somewhat of a scaredy-cat).</p>\n\n<h1>History</h1>\n\n<p>In her first moments, she attempted to free the new gods from the void. Though she has a knack for magic, her inability for combat restricted her from begining the freeing ritual, so she secluded herself in a dungeon in shame</p>\n\n<p>For a long time, Phera researched small creatures capable of parasitic behaviour and later successfully created the species of <a href=\'wiki.php?s=Chwerr\'>chwerr</a>. Upon this creation, she released this creature all over <a href=\'wiki.php?s=United kingdom of Gisonia\'>Gisonia</a>.</p>\n\n<p>While this <a href=\'wiki.php?s=Chwerr\'>creature</a> wreaked havoc upon Gisonia, she continued her reasearch of the new gods seal unsuccessfully, searching for a way to release the gods without the need for combat with the <a href=\'wiki.php?s=Thrumborian\'>Thrumborians</a>.</p>\n\n<p>Later, she met the party of <a href=\'wiki.php?s=Oscar\'>Oscar</a> and <a href=\'wiki.php?s=Griuf\'>Griuf</a>. While she originally planned to fight against these heroes, they struck a deal that if she tells them about <a href=\'wiki.php?s=Chaos Magic\'>chaos magic</a> and about <a href=\'wiki.php?s=Bazella\'>her goddess</a>, they\'ll help her with her quest.</p>\n\n<p>Thus, Phera sets off with the two on a grand adventure.</p>', '#character', 2, ';'),
(41, 'Eryn', '<h1>Information:</h1>\n<ul>\n<li>Race: <a href=\"wiki.php?s=Elf\">Elf</a></li>\n<li>Status: Alive</li>\n<li>Intelligence: Medium</li>\n<li>Magic Circles: 4 & 2 Love</li>\n<li>Magic type: Love</li>\n<li>Alignment: Lawful Good</li>\n<li>Year born: 220 NG</li>\n</ul>\n<h2>Extra info:</h2>\n<ul>\n<li>Contact with the <a href=\'wiki.php?s=Aria\'>goddess of love</a></li>\n</ul>\n<h1>Description</h1>\n<p>A young elf traveling the world. Born of high status in the <a href=\'wiki.php?s=Wantipiq\'>land of elves</a>, Eryn was interested in history as far as he remembers thanks to the influence of his late grandfather. Though he is of elven heritage, Eryn isn\'t as tall or slender as his peers. Though his strength is not to be messed with, Eryn lacks any sense of weapon use and prefers magic or his own trusty fists.</p>\n<h1>History</h1>\n', '#character#player#unfinished', 2, ';'),
(42, 'Greneha', '<h1>Information:</h1>\n<ul>\n<li>Race: <a href=\"wiki.php?s=Human\">Hum</a> <a href=\'wiki.php?s=Chermeta\'>an?</a></li>\n<li>Status: Alive</li>\n<li>Intelligence: medium</li>\n<li>Magic Circles: 4 & 2 hate</li>\n<li>Magic type: <a href=\'wiki.php?s=Hate Magic\'>Hate</a></li>\n<li>Alignment: True Good</li>\n<li>Year born: 282 NG</li>\n</ul>\n<h2>Extra info:</h2>\n<ul>\n<li>unusual contact with the <a href=\'wiki.php?s=Lydia\'>goddess of hate</a></li>\n</ul>\n<h1>Description</h1>\n<p>[musim ještě přepsat]</p>\n<h1>History</h1>\n\n<h1>Original Backstory [TODO: rewrite]</h1>\n<ul>\n<li>Žila s rodiči na kraji lesa, táta byl lovec a předával jí řemeslo.</li>\n<li>O kus dál si v jeskyni zařídil magickou laboratoř fantasy ekvivalent šíleného vědce -> temný mág soustředící se na lektvary.</li>\n<li>Greneha se tam jednou ze zvědavosti zatoulala (i když to rodiče zakazovali), když byl mág zrovna pryč.</li>\n<li>Tam spadla do fantasy ekvivalentu radioaktivní tekutiny a teď je cosi tosi mutant.</li>\n<li>Mág ji našel, z kotle s tekutionou vylovil a jinými lektvary ji zachránil život, který by ji jinak vzala otrava. Měl možnost namíchat jí takový lektvar, díky kterému by neměla skoro žádné následky, ale záměrně to neudělal, aby ji mohl využít jako pokusný subjekt a chtěl si ji nadále u sebe nechat na další pokusy.</li>\n<li>Greneze se po pár dnech podařilo utéct a vrátila se domů.</li>\n<li>Rodiče se ofc nejdříve lekli, co se jim to stalo s dcerou, ale hlavně byli rádi, že se jim vrátila</li>\n<li>Informace o události se dostaly do blízké vesnice, kam chodila Grenehy rodina nakupovat a prodávat úlovky, rychle se rozšířily a pokřivily a od té doby se ji vesničané stranili a báli. Kvůli nepřirozené barvě očí ji obviňovali z paktování se s démony (nebo něco na ten způsob).</li>\n<li>Naučila se vystačit si sama a většinu času trávila sama. Dál se učila od otce lovit a osvojila si lukostřelbu a znalost bylinek.</li>\n<li>Když jí bylo 15 jednou narazila na roztomilého malého zatím nedospěléjo potkánka a [zde si doplň lore accurate způsob jak ze zvířete udělat familiára, bcs já nemám tucha]. A tak se k ní dostal Regis. Stali se z nich velcí kámoši a velkou část času Greneha trávila tím, že ho cvičila.</li>\n<li>V 18, po dalším nepříjemné návštěvě vesnice (nechtěli ji prodat zeleninu, prej že se paktuje s démony nebo nějaká taková sračka), si řekla, že toho už má dost a rozhodla se vydat zpět do jeskyně a přinutit mága, aby ji vrátil do normálu.</li>\n<li>Jeskyně byla prázdná a mág pryč. Zbylo po něm jen pár poloprázdných a prázdných sklenic s lektvary a jeden deník.</li>\n<li>Greneha lektvary radši nechala být, ale deník si vzala. Jenže byl v cizím jazyce/zašifrovaný a tak se rozhodla vyrazit do světa s cílem rozluštit deník a najít temného mága.</li>\n<li>Putování po porozumění deníku a mágovi ji nakonec zavedlo do knihovny, kde potkala zbytek party…</li>\n</ul>', '#character#player#unfinished', 2, ';'),
(45, 'Template State', '<h1>Information:</h1>\n<ul>\n<li>Main race: <a href=\"?s=\"></a></li>\n<li>Year established: </li>\n<li>Year fallen: </li>\n<li>Wealth: </li>\n<li>Population: </li>\n<li>Focus: </li>\n<li>Government: </li>\n<li>Continent: <a href=\'?s=\'></a></li>\n</ul>\n<h2>Extra info:</h2>\n<ul>\n<li></li>\n</ul>\n<h1>Description</h1>\n\n<h1>History</h1>\n', '#z#template', 1, ';'),
(46, 'United kingdom of Gisonia', '<h1>Information:</h1>\n<ul>\n<li>Main race: <a href=\"?s=Human\">Human</a></li>\n<li>Year established: </li>\n<li>Year fallen: </li>\n<li>Wealth: medium-low</li>\n<li>Population: medium</li>\n<li>Focus: Trade and state stability</li>\n<li>Government: Monarchy</li>\n<li>Continent: <a href=\'?s=Edora Continent\'>Edora</a></li>\n</ul>\n<h2>Extra info:</h2>\n<ul>\n<li>Current leader: <a href=\'wiki.php?s=Nicholas\'>Nicholas</a></li>\n</ul>\n<h1>Description</h1>\n<p>One of the most powerful states in the Edora continent. Currently owns the land of (now fallen) <a href=\'wiki.php?s=Abhzian empire\'>Abhzian</a> and <a href=\'wiki.php?s=Pedia\'>Pedia</a>. While it had many issues and turbulations with succession during its existance, it is the oldest stable monarchy in the world.</p>\n\n<h1>History</h1>\n\n<ul>List of leaders:\n<li>Many records of leaders missing due to the memory wipe</li>\n<li>First recorded king of the land is <a href=\'wiki.php?s=Victor\'>Victor the wise</a>.</li>\n<li>Many others here</li>\n<li><a href=\'wiki.php?s=Nicholas\'>Nicholas</a></li>\n</ul>\n\n<p>Earliest records in hitory point to its creation in the year 1937 WR. However, not much is known before the 3rd generation of <a href=\'wiki.php?s=New gods\'>new gods</a>.</p>\n\n<p>During the last few years, unrest around the throne grew, as the next leader in line was <a href=\'wiki.php?s=Nicholas\'>Nicholas</a> the half elf and an ilegitemate child of the previous king. During this time, Nicholas attempted escape almost unsuccessfully, when suddenly, <a href=\'wiki.php?s=Oscar\'>Oscar</a>, <a href=\'wiki.php?s=Griuf\'>Griuf</a> and <a href=\'wiki.php?s=Jerome\'>Jerome</a> helped him. With their help, Nicholas successfully ascended to the throne and executed the previous councelor.</p>', '#state#unfinished', 1, ';Oscar;Griuf;Eryn;Jerome;'),
(49, 'Template Species', '<h1>Information:</h1>\n<ul>\n<li>Main location: </li>\n<li>Status: </li>\n<li>Intelligence: </li>\n<li>Magic Circles: </li>\n<li>Magic type: </li>\n<li>Lifespan: </li>\n</ul>\n<h2>Extra info:</h2>\n<ul>\n<li></li>\n</ul>\n<h1>Description</h1>\n\n<h1>History</h1>\n', '#z#template', 1, ';'),
(50, 'Chwerr', '<h1>Information:</h1>\n<ul>\n<li>Main location: <a href=\'wiki.php?s=Edora Continent\'>Edora</a></li>\n<li>Status: Endangered</li>\n<li>Intelligence: Low (medium hivemind)</li>\n<li>Magic Circles: 2</li>\n<li>Magic type: <a href=\'wiki.php?s=Hate Magic\'>Hate</a></li>\n<li>Lifespan: 30 days</li>\n</ul>\n<h2>Extra info:</h2>\n<ul>\n<li>Created by <a href=\'wiki.php?s=Phera\'>Phera</a></li>\n</ul>\n<h1>Description</h1>\n<p>Small parasitic creatures with a simple mind. They were created with the intention of infecting the <a href=\'wiki.php?s=Thrumborian\'>thrumborians</a> for easier manipulation during the gods release ritual. They are small lumps of meat and nerves (with no bones) of around 7cm in radius with 4 small tenticles. These creatures search for the nearest sentient creature and meld into their tissue. When connected to a creature, they can (to a certain extent) control the mind of the host. They sometimes try to activate magic with the hosts circles, when they feel threatened.</p>\n<h1>History</h1>\n<p>Originally, these creatures were simple parasites of livestock and small mammals.</p>\n<p>Later, they were improved upon by <a href=\'wiki.php?s=Phera\'>Phera</a> in the year 250 NG</p>\n<p>These creatures stayed in Pheras dungeon until 299 NG (except for a few that escaped)</p>', '#species', 2, ';'),
(55, 'Griuf', '<h1>Information:</h1>\n<ul>\n<li>Race: <a href=\"?s=Demihuman\">Demihuman (lizzard)</a></li>\n<li>Status: Alive</li>\n<li>Intelligence: Low (Wanted to say high in combat but then I remembered the dungeon in gisonia...)</li>\n<li>Magic Circles: 3</li>\n<li>Magic type: <a href=\'wiki.php?s=Lie Magic\'>Lies</a></li>\n<li>Alignment: True Neutral</li>\n<li>Year born: 282 NG</li>\n</ul>\n<h2>Extra info:</h2>\n<ul>\n<li></li>\n</ul>\n<h1>Description</h1>\n\n<h1>History</h1>\n', '#character#player#unfinished', 2, ';'),
(59, 'Nicholas', '<h1>Information:</h1>\n<ul>\n<li>Race: <a href=\'wiki.php?s=Human\'>Half</a> <a href=\"wiki.php?s=Elf\">elf</a></li>\n<li>Status: Alive</li>\n<li>Intelligence: High</li>\n<li>Magic Circles: 3</li>\n<li>Magic type: <a href=\'wiki.php?s=Creation Magic\'>Creation</a></li>\n<li>Alignment: Lawful good</li>\n<li>Year born: 265 NG</li>\n</ul>\n<h2>Extra info: </h2>\n<ul>\n<li>Current king of <a href=\'wiki.php?s=United kingdom of Gisonia\'>Gisonia</a></li>\n</ul>\n<h1>Description</h1>\n<p>A weak willed half-elf with the blood of royals from the elven kingdom and the kingdom of Gisonia. Though he is weak willed, he isn\'t to be trifled with when it comes to strategy or mind games. As a warrior, Nicholas is useless, however as a leader, he can wipe nations off the map with little effort.</p>\n\n<h1>History</h1>\n<p>Nicholas was born in the land of Gisonia and immediately hidden from sight, as mixing races in the Edora continent was considered taboo back then.</p>\n\n<p>He stayed hidden with his elven mother for most of his life. When his mother passed, he had to escape from his chambers.</p>\n\n<p>Later, when escaping from Gisonias counselor and the guards, he met our party of heroes, which helped him ascend to the throne.</p>\n\n<p>After claiming the throne, Nicholas led an invasion to the <a href=\'wiki.php?s=Abhzian empire\'>Abhzian empire</a>, which ended successfully.</p>', '#character', 2, ';'),
(60, 'Angel', '<h1>Information:</h1>\n<ul>\n<li>Main location: none</li>\n<li>Status: Rare</li>\n<li>Intelligence: High</li>\n<li>Magic Circles: 7</li>\n<li>Magic type: All</li>\n<li>Lifespan: Indefinite</li>\n</ul>\n<h2>Extra info:</h2>\n<ul>\n<li>Angels require a direct source of one of the world powers (depending on the angel)</li>\n<li>Born artificially</li>\n</ul>\n\n<h1>Description</h1>\n<p>This species isnt born naturally, rather created by the holders of the world powers. When an angel is born, it resembles a simple mannequin with bird-like wings and simple fatial features. Once an angel gets exposed to natural beings for a long enough time, the angel starts to mimic that being mostly in their appearance, but also in their behaviour to some degree. Thus, angels have no clear distinction compared to other species.</p>\n\n<h1>History</h1>\n<p>SPOILERS SPOILERS SPOILERS and thus their angels are created</p>\n\n<p>SPOILERS SPOILERS SPOILERS SPOILERS</p>\n\n<p>The third generation of new gods create the current angels.</p>', '#species#partial', 1, ';Eryn;Oscar;Greneha;');
INSERT INTO `wiki` (`id`, `name`, `content`, `tags`, `access`, `exceptions`) VALUES
(66, 'The First Angels', '<h1>Information:</h1>\n<ul>\n<li>Main location: none</li>\n<li>Status: Extinct</li>\n<li>Intelligence: Low (except when in survival behaviour)</li>\n<li>Magic Circles: <a href=\'wiki.php?s=Soul of Origin\'>Sphere</a></li>\n<li>Magic type: Primal</li>\n<li>Lifespan: 15 days</li>\n</ul>\n<h2>Extra info:</h2>\n<ul>\n<li>Once only one day of their life remains (or when severely threatened), they enter into survival behaviour</li>\n</ul>\n\n<h1>Description</h1>\n<p>Similar to current day <a href=\'wiki.php?s=Angel\'>angels</a> in appearance, these beings are the shells of the original life.</p>\n\n<h1>History</h1>\n', '#species#unfinished', 1, ';Eryn;'),
(68, 'Soul', '<h1>Description</h1>\n<p>Every being alive has a soul made of three parts</p>\n\n<h2>Shell</h2>\n\n<h2>Outer core</h2>\n\n<h2>Inner core</h2>\n\n\n<h1>Function</h1>\n\n<h2>Shell</h2>\n\n<h2>Outer core</h2>\n\n<h2>Inner core</h2>\n\n\n<h1>Exceptions</h1>', '#magic#unfinished', 1, ';Eryn;'),
(72, 'Love Magic', '<h1>Description</h1>\n<p></p>\n\n<h1>Characteristics</h1>\n<p></p>\n<h2>Penalty</h2>\n<p></p>', '#magic-type#unfinished', 1, ';Eryn;'),
(74, 'Lie Magic', '<h1>Description</h1>\n<p></p>\n\n<h1>Characteristics</h1>\n<p></p>\n<h2>Penalty</h2>\n<p></p>', '#magic-type#unfinished', 1, ';'),
(75, 'Human', '<p>A regular human.... thats it.</p>\n<br>\n<br>\n<br>\n<br>\n<br>\n<br>\n<br>\n<br>\n<p>what more do you want?</p>', '#species#unfinished', 4, ';'),
(76, 'Chermeta', '<h1>Description</h1>\n\n<h1>Characteristics</h1>\n\n<h1>History</h1>\n', '#material#unfinished', 1, ';'),
(77, 'Lydia', '<h1>Information:</h1>\n<ul>\n<li>Race: <a href=\"wiki.php?s=Demihuman\">Demihuman ([some animal idk])</a></li>\n<li>Status: Alive</li>\n<li>Intelligence: High</li>\n<li>Magic Circles: 10 & 1 Hate</li>\n<li>Magic type: <a href=\'wiki.php?s=Hate Magic\'>Hate</a></li>\n<li>Alignment: Neutral Evil</li>\n<li>Year born: 2486 WR</li>\n</ul>\n<h2>Extra info:</h2>\n<ul>\n<li>Current godess of Hate</li>\n</ul>\n<h1>Description</h1>\n\n<h1>History</h1>\n', '#character#new-god-gen3#unfinished', 1, ';Greneha;'),
(80, 'Bazella', '<h1>Information:</h1>\n<ul>\n<li>Race: <a href=\"wiki.php?s=Human\">Human</a></li>\n<li>Status: Dead</li>\n<li>Intelligence: Medium (cunning)</li>\n<li>Magic Circles: 10 & 1 chaos</li>\n<li>Magic type: <a href=\'wiki.php?s=Chaos Magic\'>Chaos Magic</a></li>\n<li>Alignment: Chaotic Evil</li>\n<li>Year born: 2970 WR</li>\n</ul>\n<h2>Extra info:</h2>\n<ul>\n<li><strong>Was</strong> the current generations goddess of chaos</li>\n</ul>\n<h1>Description</h1>\n\n<h1>History</h1>\n', '#character#new-god-gen3#unfinished', 1, ';Oscar;Phera;');
COMMIT;

/*!40101 SET CHARACTER_SET_CLIENT=@OLD_CHARACTER_SET_CLIENT */;
/*!40101 SET CHARACTER_SET_RESULTS=@OLD_CHARACTER_SET_RESULTS */;
/*!40101 SET COLLATION_CONNECTION=@OLD_COLLATION_CONNECTION */;
